{
    "loss": 2.95605731010437,
    "accuracy": 0.5384615659713745
}