{
    "loss": 15.907577514648438,
    "accuracy": 0.6025640964508057
}